customer_id,channel,send_time,message,reasoning,predicted_personality,personality_confidence
0,scheduling_phone_call,2025-06-28T14:58:19Z,I really want to help you with this. I've sent a detailed response to your inquiry via email. Please review and feel free to ask any follow-up questions. Please don't hesitate to reach out if you need any support.,"Twitter DM for quick, accessible communication. Personality-aware approach for ESFJ type: warm and supportive.",ESFJ,0.7
1,scheduling_phone_call,2025-06-28T14:58:19Z,I really want to help you with this. I've sent a detailed response to your inquiry via email. Please review and feel free to ask any follow-up questions. Please don't hesitate to reach out if you need any support.,"Twitter DM for quick, accessible communication. Personality-aware approach for ESFJ type: warm and supportive.",ESFJ,0.7
2,scheduling_phone_call,2025-06-28T14:58:19Z,I really want to help you with this. I've sent a detailed response to your inquiry via email. Please review and feel free to ask any follow-up questions. Please don't hesitate to reach out if you need any support.,"Twitter DM for quick, accessible communication. Personality-aware approach for ESFJ type: warm and supportive.",ESFJ,0.7
3,scheduling_phone_call,2025-06-28T14:58:19Z,I really want to help you with this. I've sent a detailed response to your inquiry via email. Please review and feel free to ask any follow-up questions. Please don't hesitate to reach out if you need any support.,"Twitter DM for quick, accessible communication. Personality-aware approach for ESFJ type: warm and supportive.",ESFJ,0.7
4,scheduling_phone_call,2025-06-28T14:58:19Z,I really want to help you with this. I've sent a detailed response to your inquiry via email. Please review and feel free to ask any follow-up questions. Please don't hesitate to reach out if you need any support.,"Twitter DM for quick, accessible communication. Personality-aware approach for ESFJ type: warm and supportive.",ESFJ,0.7
5,scheduling_phone_call,2025-06-28T14:58:19Z,I really want to help you with this. I've sent a detailed response to your inquiry via email. Please review and feel free to ask any follow-up questions. Please don't hesitate to reach out if you need any support.,"Twitter DM for quick, accessible communication. Personality-aware approach for ESFJ type: warm and supportive.",ESFJ,0.7
6,scheduling_phone_call,2025-06-28T14:58:19Z,I really want to help you with this. I want to ensure your question gets immediate attention. We're scheduling a call so we can discuss this thoroughly. You'll receive a confirmation email with the call details shortly. Please don't hesitate to reach out if you need any support.,Phone call recommended due to high urgency and low complexity. Message emphasizes immediate action due to high urgency. Personality-aware approach for ESFJ type: warm and supportive.,ESFJ,0.7
8,scheduling_phone_call,2025-06-28T14:58:19Z,I really want to help you with this. I've sent a detailed response to your inquiry via email. Please review and feel free to ask any follow-up questions. Please don't hesitate to reach out if you need any support.,"Twitter DM for quick, accessible communication. Personality-aware approach for ESFJ type: warm and supportive.",ESFJ,0.7
9,scheduling_phone_call,2025-06-28T14:58:19Z,I really want to help you with this. I've sent a detailed response to your inquiry via email. Please review and feel free to ask any follow-up questions. Please don't hesitate to reach out if you need any support.,"Twitter DM for quick, accessible communication. Personality-aware approach for ESFJ type: warm and supportive.",ESFJ,0.7
11,scheduling_phone_call,2025-06-28T14:58:19Z,I really want to help you with this. I've sent a detailed response to your inquiry via email. Please review and feel free to ask any follow-up questions. Please don't hesitate to reach out if you need any support.,"Twitter DM for quick, accessible communication. Personality-aware approach for ESFJ type: warm and supportive.",ESFJ,0.7
